<?xml version="1.0" encoding="UTF-8"?>
<classpath>
	<classpathentry kind="con" path="org.eclipse.jdt.launching.JRE_CONTAINER/org.eclipse.jdt.internal.debug.ui.launcher.StandardVMType/JavaSE-1.8"/>
	<classpathentry kind="src" path="src"/>
	<classpathentry kind="lib" path="D:/DY/Virtusa/Spring-jars/springjars/core/com.springsource.org.apache.commons.logging-1.1.1.jar"/>
	<classpathentry kind="lib" path="D:/DY/Virtusa/Spring-jars/springjars/core/com.springsource.org.apache.log4j-1.2.15.jar"/>
	<classpathentry kind="lib" path="D:/DY/Virtusa/Spring-jars/springjars/core/jmxtools-1.2.1.jar"/>
	<classpathentry kind="lib" path="D:/DY/Virtusa/Spring-jars/springjars/core/org.springframework.asm-3.0.1.RELEASE-A.jar"/>
	<classpathentry kind="lib" path="D:/DY/Virtusa/Spring-jars/springjars/core/org.springframework.beans-3.0.1.RELEASE-A.jar"/>
	<classpathentry kind="lib" path="D:/DY/Virtusa/Spring-jars/springjars/core/org.springframework.context-3.0.1.RELEASE-A.jar"/>
	<classpathentry kind="lib" path="D:/DY/Virtusa/Spring-jars/springjars/core/org.springframework.core-3.0.1.RELEASE-A.jar"/>
	<classpathentry kind="lib" path="D:/DY/Virtusa/Spring-jars/springjars/core/org.springframework.expression-3.0.1.RELEASE-A.jar"/>
	<classpathentry kind="output" path="bin"/>
</classpath>
