<?xml version="1.0" encoding="UTF-8"?>

<beans  
    xmlns="http://www.springframework.org/schema/beans"  
    xmlns:xsi="http://www.w3.org/2001/XMLSchema-instance"  
    xmlns:p="http://www.springframework.org/schema/p"  
    xsi:schemaLocation="http://www.springframework.org/schema/beans  
                http://www.springframework.org/schema/beans/spring-beans-3.0.xsd">  
<bean id="movie" class="setterBasedDI.Movie">  
<property name="id">  
<value>1</value>  
</property>  
<property name="movieName">  
<value>Tanhaji</value>  
</property>  
<property name="director">  
<value>Om Raut</value>  
</property>  
</bean>  
</beans>